from,to,value
慶應義塾大学,研究,0.025952349798438436
慶應義塾大学,学部,0.022282244400435768
慶應義塾大学,月,0.02095873236089978
慶應義塾大学,学生,0.020781869120511054
慶應義塾大学,情報,0.019949500078864167
慶應義塾大学,入試,0.018876620049884066
慶應義塾大学,医学部,0.01808124111634547
慶應義塾大学,紹介,0.016290373810330595
慶應義塾大学,キャンパス,0.016262317608780084
慶應義塾大学,マンション,0.015036191313503597
慶應義塾大学,サイト,0.014992086041845331
慶應義塾大学,医療,0.014945002596843842
慶應義塾大学,内科,0.014899009712252245
慶應義塾大学,案内,0.014100272613249636
慶應義塾大学,病院,0.014019734826328243
慶應義塾大学,三田,0.013361849640842596
慶應義塾大学,教授,0.0123049376851126
慶應義塾大学,大学院,0.012143157609260645
慶應義塾大学,請求,0.011580996370372475
慶應義塾大学,日吉キャンパス,0.011466877864802992
京都大学,京都,0.038553835628038685
京都大学,物件,0.025815417801708523
京都大学,研究,0.025131995638316768
京都大学,三つ,0.02332678729016828
京都大学,Mission,0.023253107880743844
京都大学,協同,0.02325209236609751
京都大学,Vision,0.023182946703320464
京都大学,特性,0.023182946703320464
京都大学,追求,0.02290575027893466
京都大学,主体,0.022648047301270485
京都大学,民主,0.02264145147576641
京都大学,使命,0.022531737232520666
京都大学,コード,0.02221278271962085
京都大学,月,0.02149018864098211
京都大学,運営,0.021388874746423907
京都大学,実現,0.02091651420760978
京都大学,精神,0.02024970232542611
京都大学,大学,0.020101449315823573
京都大学,構成,0.020060782760019647
京都大学,学生,0.016501331682029892
明治大学,明治大学,0.028412452858077933
明治大学,サポート,0.027880319297498925
明治大学,学生,0.025604767870502677
明治大学,案内,0.025111226973411203
明治大学,情報,0.024221420421342576
明治大学,大学,0.020819168022604095
明治大学,講座,0.020028433094516532
明治大学,m,0.019435661119284044
明治大学,行事,0.018663142197425788
明治大学,入試,0.018621561349560552
明治大学,学校,0.018610412654952505
明治大学,サイト,0.017628798122894654
明治大学,キャンパス,0.017245830837929514
明治大学,月,0.016614081759217716
明治大学,中野,0.016186942186086378
明治大学,総合,0.015252924039826856
明治大学,入学,0.014756123887391176
明治大学,マンション,0.014378230033709883
明治大学,イベント,0.014047127332677533
明治大学,～,0.013974869828811966
早稲田大学,研究,0.02771640573609728
早稲田大学,情報,0.02475652484140826
早稲田大学,校友,0.02311193027196433
早稲田大学,発信,0.020358768372298237
早稲田大学,早稲田,0.020203647254495923
早稲田大学,学生,0.01979659565377515
早稲田大学,図書館,0.01782719987690258
早稲田大学,案内,0.017265389524038735
早稲田大学,オフィシャルサイト,0.016421015430317567
早稲田大学,総合,0.016412092938131402
早稲田大学,教育,0.01630691716524263
早稲田大学,紹介,0.0155867396259773
早稲田大学,サイト,0.015523271365335864
早稲田大学,入試,0.015106574437511794
早稲田大学,学部,0.014645291682705022
早稲田大学,月,0.01421846411128018
早稲田大学,活動,0.013622846009914442
早稲田大学,キャンパス,0.013248846294711507
早稲田大学,稲,0.01228912133105666
早稲田大学,国際,0.012286777539986785
東京大学,消費,0.03824033595595195
東京大学,生活協同組合,0.03450748394301831
東京大学,研究,0.03250740289759804
東京大学,ライフ,0.030079384270283848
東京大学,キャンパス,0.029016416224452807
東京大学,サイト,0.027452630595052634
東京大学,情報,0.026128213613874008
東京大学,発信,0.025840140966664923
東京大学,月,0.01924893067319232
東京大学,本郷,0.01820081505594434
東京大学,駒場,0.017795038034022725
東京大学,大学,0.015711625028051526
東京大学,大学院,0.015187507771345162
東京大学,平成,0.015173722635418685
東京大学,教育,0.014647412508068863
東京大学,医療,0.01374202606671692
東京大学,社会,0.013513112442638725
東京大学,UTokyo,0.013157322491817263
東京大学,附属,0.012656672608862773
東京大学,医学,0.012467980710384075
図書館,国会,0.19344380242488837
図書館,国立,0.19164946617854783
図書館,検索,0.10687837610981997
図書館,オンライン,0.09556082265480315
図書館,サービス,0.09144692246211723
図書館,利用,0.06138957615906525
図書館,資料,0.05526134145788774
図書館,コンテンツ,0.050960543418940164
図書館,所蔵,0.050888726346153046
図書館,申込,0.04924974941920432
図書館,略称,0.04872661050728057
図書館,申,0.04845746172859118
図書館,デジタル,0.04781573397606336
図書館,各種,0.046683944355531116
図書館,蔵書,0.032209428915304414
図書館,月,0.029397693707105616
図書館,お知らせ,0.028188160986469733
図書館,案内,0.02582036987332551
図書館,ホームページ,0.02556261972023807
図書館,予約,0.02316425649425107
大学院,研究,0.12081676549334908
大学院,学部,0.06390680657473356
大学院,専攻,0.054270451163107
大学院,教育,0.051560863068504895
大学院,課程,0.04607623399275248
大学院,大学,0.03988556743853818
大学院,入試,0.03767349546017756
大学院,情報,0.03194358737970914
大学院,科学,0.031353816833864366
大学院,専門,0.027423221613399107
大学院,博士,0.026924061875997413
大学院,社会,0.02506255022624327
大学院,紹介,0.024656563113359363
大学院,学生,0.02243594608154898
大学院,キャンパス,0.022023547789156817
大学院,案内,0.021898486308693507
大学院,学科,0.02091110884222581
大学院,修士,0.02085600220561002
大学院,入学,0.020751382969034685
大学院,育成,0.017717660122737008
請求,書,0.041405702691161915
請求,確認,0.03418789740032107
請求,au,0.033115351044268236
請求,カタログ,0.03261109934666716
請求,料金,0.03253753017763223
請求,保険,0.02998550418457913
請求,利用,0.029567783005414013
請求,サービス,0.026659940490014435
請求,方法,0.02635774474812795
請求,案内,0.026268911307250443
請求,資料,0.026036814854319794
請求,ページ,0.025701737887760635
請求,電話,0.025602322479460655
請求,情報,0.02360429621343058
請求,支払い,0.02297512536856493
請求,証明,0.022519790380207082
請求,明細,0.021774252922631358
請求,手続き,0.020978823525950555
請求,金額,0.02073019466480693
請求,問い合わせ,0.019958499337710097
協同,組合,0.10257729460113199
協同,事業,0.03455236923976027
協同,医療,0.027083250968870716
協同,会社,0.017846714167335898
協同,共済,0.017200927403557317
協同,医師,0.015099789055958098
協同,紹介,0.014090803614786483
協同,設立,0.013496683895535903
協同,地域,0.01334656613088232
協同,概要,0.012459027160163555
協同,企業,0.012366788780478932
協同,安心,0.012151737094593646
協同,技術,0.011808218818271318
協同,株式会社,0.011422466494128654
協同,生活,0.011287117828051727
協同,情報,0.011170829887612942
協同,案内,0.011079685017889196
協同,活動,0.011065270972903203
協同,保険,0.01099088690644086
協同,病院,0.010651891529108322
紹介,教員,0.04635284430421095
紹介,大学,0.04463723408187275
紹介,学部,0.040232989741368116
紹介,宮城大学,0.036472932900641866
紹介,大学院,0.035262336486800286
紹介,法人,0.03206192940638464
紹介,アクティビティ,0.03199826590548896
紹介,技術,0.03152567674615076
紹介,コメダ,0.03074749515390367
紹介,情報,0.030043791704679246
紹介,掲載,0.029241993176046553
紹介,オフィシャルサイト,0.02743753535397551
紹介,御井,0.0273666149365631
紹介,大正大学,0.02702006993845148
紹介,キャンパス,0.02667009910242067
紹介,建,0.026570696785882808
紹介,山口大学,0.026399138282285933
紹介,ページ,0.026198867559270984
紹介,国立,0.026083408518610424
紹介,札幌,0.025760697999609717
物件,賃貸,0.3094418925092122
物件,部屋,0.09887134210535896
物件,情報,0.09401240355078347
物件,検索,0.08710602674453825
物件,マンション,0.0818982334913477
物件,CHINTAI,0.08118117427834741
物件,不動産,0.07232459376744371
物件,アパート,0.06921827018262598
物件,条件,0.054619235545495845
物件,住宅,0.05272049661299031
物件,SUUMO,0.04675789568449437
物件,スーモ,0.043468890205049286
物件,ネット,0.04065259343114763
物件,全国,0.0405181053896138
物件,希望,0.030942027544651255
物件,サイト,0.026253070577801078
物件,大東建託,0.025687345586388913
物件,一戸建て,0.02567223170202099
物件,エリア,0.025092103719625967
物件,サポート,0.025067837692788017
三田,運行,0.08892633138865487
三田,路線,0.07969395728769058
三田,情報,0.06721464793340687
三田,神戸,0.06315702129656328
三田,店舗,0.056245802761746365
三田,時刻,0.05621609676289785
三田,運賃,0.055867549453031226
三田,関西学院大学,0.05010507034134202
三田,平野,0.04814154520598834
三田,バス,0.04583427586413399
三田,協同,0.045259248561783934
三田,母親,0.04352226302059416
三田,案内,0.04350913027123466
三田,物理,0.04341656291338087
三田,キャンパス,0.04234136193161124
三田,Km,0.042262921480167484
三田,km,0.042262921480167484
三田,西日本,0.04212936822951719
三田,スパイ,0.04075471629869107
三田,組合,0.04041342678222585
講座,留学,0.09486093440681184
講座,女性,0.08017332781215455
講座,物流,0.0707137702060564
講座,学都,0.06836291372267535
講座,人材,0.054885405656393584
講座,仙台,0.053723939070713836
講座,テーマ,0.05291778373059275
講座,ミオホール,0.04954198247038841
講座,ユニセフ,0.04656845370432805
講座,自宅,0.04115399090365753
講座,県政,0.03803111327918883
講座,小学生,0.03774885348495862
講座,会場,0.03609092386722346
講座,ロジスティクス,0.0353568851030282
講座,育成,0.03534554751939402
講座,グローバル,0.033924732791260195
講座,協会,0.033924732791260195
講座,応援,0.03376785732870531
講座,R,0.03319372244866518
講座,プログラミング,0.03319372244866518
サイト,情報,0.02879304888864435
サイト,ポイント,0.02568129347035454
サイト,最新,0.016214528165268572
サイト,ウェブ,0.015354968507746139
サイト,T,0.015300089262856255
サイト,キャンペーン,0.01521829293508464
サイト,登録,0.014819368916552193
サイト,紹介,0.01470622369000821
サイト,カード,0.014527443213720834
サイト,サービス,0.014049114695491343
サイト,月,0.013751283600124637
サイト,ゲーム,0.01309320518117577
サイト,利用,0.012791180587989726
サイト,商品,0.01272577062812188
サイト,試合,0.011707300531307932
サイト,ログイン,0.011693522190019501
サイト,チケット,0.01086510544102599
サイト,RPG,0.010598835061482736
サイト,会員,0.010580340840807136
サイト,ID,0.010211571110796683
民主,主義,0.07678564476962293
民主,Amazon,0.03226873208329304
民主,政党,0.02639395794160984
民主,配送,0.024163998301267618
民主,党,0.024100614648325632
民主,政治,0.02281417892571176
民主,].,0.02198419272979165
民主,アマゾン,0.02176060653477122
民主,[,0.020453595891479742
民主,社会,0.01995092832794776
民主,商品,0.019904001046273368
民主,選挙,0.017432377906781347
民主,政府,0.017105698109082364
民主,共和,0.01656994245247676
民主,月,0.016283767728913327
民主,日本,0.016067295597475273
民主,連合,0.01514707978552677
民主,運動,0.013980999658969684
民主,編集,0.013355967415155741
民主,医療,0.013108298367747484
入試,学部,0.045651397279913394
入試,情報,0.04342388849265676
入試,出願,0.03866417536211384
入試,平成,0.03838610379918121
入試,大学,0.03777987026425573
入試,要項,0.03754810056690541
入試,入学,0.03634322816780592
入試,試験,0.035185056990242124
入試,月,0.034847029457433086
入試,大学院,0.03434832242769997
入試,学校,0.033557914562725895
入試,学科,0.031942623267126796
入試,推薦,0.03187481586740075
入試,募集,0.029921640631171212
入試,AO,0.028106220212737152
入試,キャンパス,0.02686698448966454
入試,教育,0.02336468961832851
入試,一般,0.023108625166548054
入試,受験,0.02125386449302537
入試,案内,0.02083621137879628
コード,学校,0.050927634114753956
コード,公立,0.044948974435797574
コード,バー,0.0391588169329201
コード,セキュリティ,0.032451866415413214
コード,カード,0.03218551067814768
コード,表示,0.025342170549879698
コード,方法,0.025339960497558746
コード,QR,0.022898359204522538
コード,数字,0.020950567234845053
コード,利用,0.02004177359564278
コード,カメラ,0.01910801514768987
コード,操作,0.018953968934720414
コード,確認,0.018078366535714364
コード,番号,0.014794943091255527
コード,入力,0.013402912401891273
コード,使用,0.013183112283922688
コード,読み取り,0.013127247127950608
コード,画面,0.012616369511881437
コード,JAN,0.01219484309787625
コード,C,0.011929153838271993
総合,計画,0.03490299106258603
総合,生活,0.02017556383785354
総合,案内,0.019276473455124742
総合,情報,0.01919168277259078
総合,センター,0.019182908825713357
総合,月,0.01733549883178322
総合,地域,0.016966925992296347
総合,事業,0.016437613495478287
総合,サービス,0.016169640321642958
総合,平成,0.015791112283633956
総合,支援,0.014588708236131516
総合,基本,0.014286299632418729
総合,葬儀,0.014096177939768782
総合,管理,0.0140789884270987
総合,ニュース,0.013703565031310606
総合,行政,0.013543430331634085
総合,利用,0.012783717594901477
総合,技術,0.012590657601905546
総合,社会,0.011735585978161685
総合,推進,0.011578473651274788
本郷,賃貸,0.0575285635129225
本郷,住所,0.041782467235964536
本郷,物件,0.03906493148534173
本郷,番号,0.03813939547924215
本郷,駅,0.036127239916712114
本郷,幕張,0.033689268814020935
本郷,郵便,0.0332686710207312
本郷,検索,0.0293750211431644
本郷,－,0.02398505484393187
本郷,マンション,0.023841342124552856
本郷,電話,0.023111948585559667
本郷,店舗,0.022911872155420593
本郷,情報,0.022289345107510863
本郷,時刻,0.02153168093730213
本郷,地図,0.01981842257863051
本郷,千葉,0.01853325574577715
本郷,文京,0.018412759949506922
本郷,バス,0.017865266052119137
本郷,ページ,0.01765902706780189
本郷,東京,0.016793493753135057
使命,社会,0.037255318668095116
使命,医療,0.020725551133653455
使命,理念,0.01929175693157949
使命,人,0.01841468187113779
使命,企業,0.017471623127519084
使命,基本,0.01739080781222097
使命,地域,0.016544867765953947
使命,実現,0.01568306679086845
使命,世界,0.015026174736377913
使命,貢献,0.014320657357414382
使命,Amazon,0.013894764615644569
使命,教育,0.013625847163524395
使命,株式会社,0.01337775427871248
使命,活動,0.013274441142119718
使命,文化,0.012331516326714049
使命,人々,0.012229064316744044
使命,紹介,0.012134148124007987
使命,役割,0.012034301407968202
使命,サービス,0.011821875293336838
使命,配送,0.011686636421288523
特性,科学,0.031115990190153986
特性,処分,0.026685352176865434
特性,マップ,0.02353358252061269
特性,温度,0.018247958837219212
特性,地層,0.018239421630674865
特性,調査,0.01660917136417181
特性,全国,0.01512633117269317
特性,地域,0.01472704220299853
特性,≫,0.014598795980334645
特性,パナソニック,0.013711025514079545
特性,センサ,0.013232765538571065
特性,水面,0.0123413828135708
特性,月,0.012239885078379783
特性,材料,0.01172039374171885
特性,環境,0.011278300780457834
特性,放射,0.011225212726964183
特性,提示,0.011065648479146742
特性,廃棄,0.010814888259994868
特性,理解,0.010397961336639313
特性,用語,0.010395282955761032
入学,要項,0.14692231528367716
入学,試験,0.088152246936183
入学,コース,0.06886445596809831
入学,申込,0.06602695531544252
入学,入場,0.06557588488361223
入学,説明,0.05973099352591549
入学,出願,0.0589997805888929
入学,免許,0.056276337716888856
入学,平成,0.05623706333993859
入学,入試,0.054729525630457784
入学,日程,0.054533566945270076
入学,学生,0.04737286592010062
入学,学費,0.04639531636158105
入学,外国,0.044128259033655116
入学,準備,0.042698151599971805
入学,書類,0.0415808155236181
入学,通知,0.04135715832861593
入学,卒業,0.04031545002011544
入学,学,0.03832089972693477
入学,印刷,0.03766704905356191
マンション,中古,0.21021417893112546
マンション,賃貸,0.12485943953223115
マンション,物件,0.10889765125524288
マンション,新築,0.1062058513796414
マンション,検索,0.08441044807216638
マンション,購入,0.06988690358103211
マンション,情報,0.06584380197170227
マンション,エリア,0.060078922836026775
マンション,SUUMO,0.05910444657787008
マンション,不動産,0.05788580679748683
マンション,希望,0.05319441213219552
マンション,スーモ,0.04774623553909354
マンション,分譲,0.04206683257503386
マンション,条件,0.04117497636641209
マンション,神奈川,0.039404846304416305
マンション,間取り,0.03692889185703781
マンション,住友不動産,0.036296434495254506
マンション,サイト,0.036022610651724504
マンション,アットホーム,0.03409161469735653
マンション,東急,0.03217884519632609
発信,電話,0.040392441132917706
発信,魅力,0.040059655065567044
発信,情報,0.03297464598072763
発信,番号,0.028219085819940468
発信,月,0.019162136897452144
発信,通知,0.018764437765294715
発信,表示,0.017722181748304144
発信,設定,0.017311033440896538
発信,東京,0.01710168147275392
発信,文化,0.01576174931276753
発信,プロジェクト,0.013466271453492678
発信,事業,0.013406561440328752
発信,世界,0.012697597058809707
発信,企業,0.012554399910584253
発信,中小,0.011658273291640747
発信,平成,0.011336085876845425
発信,相手,0.011160345839097481
発信,圧力,0.010498017172996022
発信,活用,0.010406504099185476
発信,サービス,0.010083926756747635
〜,Playlist,0.06364644230382432
〜,ch,0.06260935395736704
〜,動画,0.051059111431750036
〜,投稿,0.05024975366919436
〜,スレ,0.03756561237442022
〜,ツキウタ,0.037061164409717656
〜,勢い,0.035383756973028015
〜,歌,0.03498678162372985
〜,ヤバ,0.03336176531605877
〜,ランキング,0.032634944253769206
〜,Videos,0.030614799429452767
〜,View,0.030614799429452767
〜,欅,0.02846828807686786
〜,—,0.026650591098554267
〜,アイドル,0.02583707433206762
〜,スレタイ,0.025043741582946817
〜,YouTube,0.024392840084183416
〜,検索,0.024349902114277334
〜,返信,0.024243314642860725
〜,月,0.023855208250086954
教育,学校,0.05793092197983405
教育,委員,0.040976772165520335
教育,月,0.03835628762513559
教育,平成,0.024659654700014435
教育,学習,0.023222496429234338
教育,情報,0.022197343154340545
教育,研究,0.02166484788838473
教育,授業,0.02132104327780982
教育,指導,0.020617992982157104
教育,支援,0.01948427815726782
教育,社会,0.01883391914044164
教育,ローン,0.017983660420230193
教育,大学,0.01731968253943969
教育,センター,0.01592166326942973
教育,学部,0.015762608338195927
教育,中学校,0.015722350404902163
教育,学生,0.014822561707813486
教育,業務,0.01464925090344868
教育,就学,0.013911745432514422
教育,教員,0.013375819251850014
Mission,the,0.05254555087766267
Mission,of,0.03726759260952648
Mission,and,0.036996657058525007
Mission,to,0.030775189763304806
Mission,in,0.024116709754157556
Mission,a,0.023087600690425418
Mission,is,0.02149029694176482
Mission,',0.016383515148841548
Mission,ミッション,0.015881876562660498
Mission,s,0.01428591969263771
Mission,The,0.013666876687348546
Mission,an,0.012550986966939537
Mission,with,0.01221987725176217
Mission,配送,0.011693116257174872
Mission,by,0.01160403728321789
Mission,WITH,0.010985481079724867
Mission,for,0.010049591458840292
Mission,that,0.009949850214096344
Mission,A,0.009946055000478559
Mission,スタジオ,0.00954105291090863
イベント,舞台,0.04123503938155042
イベント,開催,0.035386581004084504
イベント,月,0.034801982117213255
イベント,TOHO,0.03330307523408738
イベント,期間,0.03269830158923426
イベント,シネマズ,0.030766250759326097
イベント,～,0.03019275251321272
イベント,攻略,0.029416852245186288
イベント,情報,0.029107593635891438
イベント,品川,0.0277042461040089
イベント,脱出,0.027247093896445272
イベント,挨拶,0.024989897137125676
イベント,キャンペーン,0.024989897137125676
イベント,開通,0.0246686291613487
イベント,展示,0.023486036268704165
イベント,体験,0.023136367455148694
イベント,紹介,0.02193497428834021
イベント,瀬戸大橋,0.02190307562779374
イベント,みなとみらい,0.02165414147237184
イベント,アンパン,0.0213512906206263
運営,方針,0.048167204613991314
運営,平成,0.04316401983217933
運営,委員,0.03466168597346654
運営,事業,0.03419939863909623
運営,施設,0.033074206579712453
運営,月,0.029412176126290754
運営,サービス,0.028814214395893673
運営,協議,0.027753532446372898
運営,福祉,0.02630926642350321
運営,地域,0.02469741479209021
運営,保険,0.023483702741497126
運営,避難,0.019479302609881184
運営,管理,0.019210600148194628
運営,国民,0.018821742642220446
運営,政,0.018627923032103838
運営,組織,0.01762033937186873
運営,保育,0.015471725657657783
運営,策定,0.014679142844305871
運営,指定,0.012743378930159198
運営,公共,0.012512891430456712
精神,保健,0.061082901148097286
精神,障害,0.052681326524903135
精神,福祉,0.05098455536161334
精神,科,0.04212200735492584
精神,医療,0.04162512237169307
精神,研究,0.035852961727997595
精神,神経,0.03555960818563234
精神,診療,0.03437155687777616
精神,疾患,0.033481007441061236
精神,病院,0.029595712600963307
精神,治療,0.028411941204673715
精神,相談,0.026002581915051573
精神,月,0.02516214872311737
精神,センター,0.02503199239717752
精神,学会,0.022123361456732663
精神,患者,0.021275016755097235
精神,外来,0.02045493171549011
精神,医学,0.018063626138142243
精神,社会,0.01799057258607838
精神,臨床,0.017445477946481793
学生,大学,0.05174382741974745
学生,情報,0.04978420660119952
学生,在,0.042879053714989304
学生,キャンパス,0.03345225583931471
学生,教育,0.030804353334381532
学生,学部,0.03074712055921791
学生,授業,0.03014877620704475
学生,支援,0.027507573165208254
学生,就職,0.02616049434894627
学生,サイト,0.025975595780142018
学生,案内,0.022649579554395553
学生,掲載,0.0226045609842037
学生,学科,0.02237069135673014
学生,大学院,0.022263334758985388
学生,奨学,0.021504373829892325
学生,履修,0.021482378223025747
学生,入試,0.020401556680364842
学生,研究,0.020081445636493795
学生,ページ,0.01998219644807124
学生,システム,0.019477958032505453
学部,学科,0.10746296452703227
学部,大学院,0.07996750856698714
学部,教育,0.07646955601756324
学部,大学,0.05673512941177653
学部,情報,0.045042508984645804
学部,国際,0.03556296151959724
学部,キャンパス,0.034349153472844667
学部,案内,0.030982235037509454
学部,研究,0.028629417614823464
学部,人間,0.026973243462629255
学部,カリキュラム,0.025801276441195578
学部,工学部,0.02539435627133326
学部,紹介,0.025308316566637904
学部,掲載,0.02484305780692719
学部,オフィシャルサイト,0.024602455072494433
学部,科学,0.023588502079193312
学部,入試,0.022316591719229402
学部,教員,0.022024187787741747
学部,社会,0.020960247036124674
学部,分野,0.020726909330911824
日吉キャンパス,人員,0.32036746840409874
日吉キャンパス,収容,0.29820777985886904
日吉キャンパス,教室,0.26646808627994373
日吉キャンパス,キャンパス,0.14178720672329698
日吉キャンパス,校舎,0.10461176424346681
日吉キャンパス,慶應義塾,0.09392683488395528
日吉キャンパス,日吉キャンパス,0.08457867799459166
日吉キャンパス,日吉,0.07275614221692975
日吉キャンパス,式典,0.05921474807085693
日吉キャンパス,行,0.05211453067481557
日吉キャンパス,大学院,0.046812075712683754
日吉キャンパス,大学,0.03882035607499233
日吉キャンパス,地域,0.038780915184510344
日吉キャンパス,定員,0.03517852906565074
日吉キャンパス,生活,0.034196692174431435
日吉キャンパス,施設,0.032366272052199205
日吉キャンパス,参加,0.03164713834915895
日吉キャンパス,学部,0.03130565844742366
日吉キャンパス,サイト,0.027787306060036394
日吉キャンパス,設備,0.026876682306731785
京都,情報,0.033827019477004214
京都,天気,0.031066454775550877
京都,府,0.030740695513400442
京都,駅,0.02759386220787246
京都,観光,0.026559399808948295
京都,ホテル,0.02648797359693089
京都,徒歩,0.024430065595738147
京都,市,0.024302414946347613
京都,予報,0.020069741073099456
京都,イベント,0.019936947475123458
京都,サイト,0.0177427582554547
京都,宿泊,0.016469603626075784
京都,予約,0.016378151321047245
京都,ビジネス,0.015946046258413754
京都,賃貸,0.015620915894747942
京都,案内,0.013771738662617062
京都,降水,0.013514834581357847
京都,文化,0.013506410713537236
京都,気温,0.012910911992620998
京都,検索,0.012576675230799491
学校,デザイン,0.06692955123943815
学校,専門,0.05475495307601315
学校,創業,0.04158639026143292
学校,スクール,0.03608115540197121
学校,ビジネス,0.034916196627150356
学校,インテリア,0.03462029591939239
学校,建築,0.034307635202078815
学校,須崎,0.034150285368669805
学校,映像,0.031531085348668705
学校,インターネット,0.031005081999647945
学校,教室,0.029819031596542887
学校,選手権,0.02960828803941899
学校,マンガ,0.029244663676314786
学校,月,0.028790976260749956
学校,教諭,0.028535419374376998
学校,高知,0.026988222720639936
学校,実証,0.026960695321104393
学校,フューチャースクール,0.026379631919130665
学校,生徒,0.02569458594823921
学校,ICT,0.02565486529989649
Vision,情報,0.018783276528323015
Vision,渋谷,0.01559789551582933
Vision,VISION,0.014727978281676032
Vision,ビジョン,0.014599095576983613
Vision,世界,0.013742612395158366
Vision,月,0.01264535560791083
Vision,画像,0.012576798555745988
Vision,SOUND,0.012119701471759071
Vision,開発,0.01160725929133741
Vision,ヴィジョン,0.01156200183622827
Vision,提供,0.011466986277252525
Vision,MUSEUM,0.010655749081703594
Vision,事業,0.010469566027421795
Vision,企業,0.01020874850928521
Vision,株式会社,0.009622791860650641
Vision,映像,0.009232214362961554
Vision,スペース,0.009208255821560176
Vision,社会,0.00891806969354963
Vision,表情,0.008787476737778433
Vision,ソフトウェア,0.008700171906217243
m,!,0.10240787991620534
m,ON,0.09586069054494839
m,番組,0.09079414114338528
m,プレゼント,0.04956027019497284
m,&,0.04814820523075367
m,歌詞,0.04604785134201175
m,://,0.04510503168279531
m,ミュージックビデオ,0.043852332700826856
m,プリンセス,0.04283528699897361
m,TV,0.042661378503620055
m,·-,0.04243622843736354
m,MUSIC,0.041163948293551404
m,エムオン,0.041163948293551404
m,http,0.04107838588760488
m,特集,0.04071005428774641
m,アーティスト,0.039218505917997026
m,招待,0.038649838692914495
m,the,0.03633823103323536
m,カウントダウン,0.03210177081103973
m,単位,0.031379158174890655
オフィシャルサイト,情報,0.04813791165728028
オフィシャルサイト,最新,0.034904675519467056
オフィシャルサイト,試合,0.026499299800658415
オフィシャルサイト,チケット,0.022523151914918233
オフィシャルサイト,ニュース,0.0204073563835503
オフィシャルサイト,選手,0.01977141772795796
オフィシャルサイト,映画,0.019338547043152084
オフィシャルサイト,ライブ,0.018831125874203946
オフィシャルサイト,ウェブ,0.017830833795771526
オフィシャルサイト,ファンクラブ,0.017756360406783165
オフィシャルサイト,プロフィール,0.016943173883085715
オフィシャルサイト,イベント,0.01621800734889477
オフィシャルサイト,スケジュール,0.015388785406675971
オフィシャルサイト,紹介,0.015089086362227814
オフィシャルサイト,ディスコグラフィー,0.01488726773235892
オフィシャルサイト,チーム,0.013862290113584492
オフィシャルサイト,グッズ,0.013321700073793663
オフィシャルサイト,月,0.01259942056513089
オフィシャルサイト,掲載,0.010991722400170859
オフィシャルサイト,出演,0.010969878166925427
病院,医療,0.126035363804868
病院,診療,0.04932601153952252
病院,地域,0.043721008325280496
病院,内科,0.03491631172118846
病院,患者,0.03162725181026251
病院,外来,0.03152867306216894
病院,外科,0.027303381277674184
病院,総合,0.025723973309110842
病院,提供,0.024966808855451467
病院,救急,0.023011438531730453
病院,月,0.022967674592275847
病院,治療,0.022860937265433798
病院,市立,0.021663175654722328
病院,お知らせ,0.02102363579129547
病院,案内,0.018912346345732127
病院,連携,0.018436917158747814
病院,看護,0.01803926512311261
病院,休診,0.017446634121294637
病院,皆様,0.017321087441578682
病院,急性,0.017259835817070045
中野,住所,0.0466493957236669
中野,邑楽,0.041779719388345175
中野,－,0.041731994932129465
中野,明治大学,0.0398686406365935
中野,情報,0.03954494961036094
中野,島忠,0.038801071212883315
中野,居酒屋,0.038325139644294216
中野,店,0.038183621121210855
中野,庁舎,0.03687601594279989
中野,医療,0.036801306271566706
中野,ウィル・パートナーズ,0.03654544416719219
中野,都区,0.03391969661504279
中野,北口,0.03283003015072995
中野,案内,0.03254566851256565
中野,マーガレット,0.03229078066042405
中野,店舗,0.028628473143091117
中野,新橋,0.028070111565156968
中野,鳥,0.02734445719400098
中野,サンプラザ,0.027330912192570177
中野,駅,0.026351968162067953
消費,生活,0.1307886082524387
消費,センター,0.11667478312522968
消費,相談,0.10945242509185589
消費,曜日,0.07723829893558475
消費,受付,0.07393066931464189
消費,窓口,0.06485104439882951
消費,～,0.0563035455867407
消費,電話,0.045089510853375765
消費,－,0.04290905072828462
消費,番号,0.0417791756048819
消費,休,0.03862054190234277
消費,所在地,0.0377186449395997
消費,全国,0.03683955359170373
消費,通報,0.0367962070980697
消費,紛争,0.03579102097679418
消費,解決,0.03520008967651278
消費,トップページ,0.034225835919192725
消費,本文,0.03125821325904183
消費,位置,0.030861334889599558
消費,者,0.02973337584192541
明治大学,案内,0.08395247393651488
明治大学,講座,0.07023458578450074
明治大学,方,0.06569471974863102
明治大学,情報,0.06057904351142858
明治大学,学生,0.05978219747283017
明治大学,コンテンツ,0.05965584035424892
明治大学,入学,0.05895831353090734
明治大学,オフィシャルサイト,0.05832301568525484
明治大学,受験生,0.05651747268149645
明治大学,公開,0.0564848999890722
明治大学,ご覧,0.052955164592774724
明治大学,一般,0.04996339713721802
明治大学,大学,0.04386267841818228
明治大学,入試,0.03879518434606503
明治大学,キャンパス,0.02038979500048586
明治大学,研究,0.018366882257691806
明治大学,総合,0.01785368120854485
明治大学,～,0.017833186486746793
明治大学,サイト,0.017578669012613894
明治大学,検討,0.016839842181826534
生活協同組合,ポータルサイト,0.0485270749462566
生活協同組合,定款,0.0469366709577707
生活協同組合,個人,0.04589724190284295
生活協同組合,方針,0.0456425644320129
生活協同組合,保護,0.04532914450994305
生活協同組合,店舗,0.04487390918446021
生活協同組合,組合,0.041109633018683374
生活協同組合,情報,0.041106822546558903
生活協同組合,医療,0.040730136578818146
生活協同組合,最新,0.037845939521921106
生活協同組合,コープ,0.03730086448475368
生活協同組合,消費,0.035462584764671394
生活協同組合,ご覧,0.03532149692979212
生活協同組合,サービス,0.028742091190377083
生活協同組合,国立,0.027876286272458164
生活協同組合,共済,0.02711304880546552
生活協同組合,事業,0.027012705683879007
生活協同組合,国会図書館,0.024151027687498768
生活協同組合,連合,0.0196074061395507
生活協同組合,月,0.01953540011044807
社会,福祉,0.08527400985357841
社会,月,0.031494355433245684
社会,協議,0.030615364173385493
社会,事業,0.025355763388444048
社会,活動,0.025168222099284137
社会,教育,0.022771007925640706
社会,ニュース,0.02263978891861741
社会,研究,0.019949349258030217
社会,貢献,0.0191067375095808
社会,情報,0.01877997777840632
社会,法人,0.018258388278797295
社会,施設,0.017534429850414344
社会,生活,0.017436477451174433
社会,高齢,0.01717357419325565
社会,センター,0.016587392414977545
社会,地域,0.015401352487766525
社会,支援,0.015275540113909148
社会,介護,0.015171842438195596
社会,平成,0.01477094844606315
社会,推進,0.014458333184655399
内科,クリニック,0.12235932920350034
内科,診療,0.10811213110975401
内科,循環,0.09319614618121709
内科,糖尿,0.08012561878550577
内科,消化,0.04927012054692556
内科,透析,0.04516256082940403
内科,胃,0.04508545870701254
内科,習慣,0.043903800585649175
内科,医院,0.0420920302950159
内科,小児科,0.04151178790856791
内科,腎臓,0.03977239708478817
内科,外来,0.03340258484647048
内科,治療,0.03292398794200143
内科,人工,0.030527400379661195
内科,下小鳥,0.029796091912379946
内科,花水木,0.029796091912379946
内科,猪名川,0.02896920691873036
内科,医療,0.028945125482765753
内科,一般,0.028472153043924316
内科,札幌,0.028420085789553656
駒場,東大,0.06719587463284402
駒場,賃貸,0.06360528622711195
駒場,駅,0.054219443662136296
駒場,案内,0.053783352418979705
駒場,検索,0.036688671869916374
駒場,地図,0.03568204335044783
駒場,物件,0.0355035682281817
駒場,目黒,0.03402663203823104
駒場,周辺,0.03187149279157997
駒場,フェリー,0.03180408059002738
駒場,始発,0.03180408059002738
駒場,終電,0.03180408059002738
駒場,飛行機,0.03180408059002738
駒場,運賃,0.0317165223341813
駒場,電車,0.03142424611386811
駒場,時刻,0.031324618945140666
駒場,バス,0.03126700141261152
駒場,マンション,0.0310911316927553
駒場,東京,0.030322832012398885
駒場,定期,0.029979203948828553
サポート,製品,0.056006513521300115
サポート,情報,0.04655792020050142
サポート,サービス,0.044227201356357916
サポート,質問,0.04221926270545717
サポート,問い合わせ,0.03559485179749694
サポート,ページ,0.0341306286114978
サポート,ダウンロード,0.028354023690593845
サポート,各種,0.025760325069648284
サポート,設定,0.02540192005514882
サポート,お客様,0.024151988071178496
サポート,au,0.021275288157079963
サポート,電話,0.02122497333090545
サポート,利用,0.02098862954837382
サポート,案内,0.02065256955894262
サポート,方法,0.019265314466863998
サポート,修理,0.018904469897686328
サポート,パスワード,0.01881062057989803
サポート,サイト,0.01830536469597331
サポート,紹介,0.01800645000485106
サポート,パソコン,0.016325403103502344
主体,国会図書館,0.16320182955686038
主体,国立,0.15021969654374667
主体,オンライン,0.07466622961661284
主体,サービス,0.06695288232597467
主体,検索,0.06313636314276798
主体,図書館,0.04982674936284315
主体,略称,0.03870326548430973
主体,申,0.03848948216287722
主体,デジタル,0.03828893323895832
主体,国会,0.03818782538455889
主体,コンテンツ,0.037758840357662
主体,申込,0.03725291847080505
主体,所蔵,0.03705410024067913
主体,各種,0.03621330722560431
主体,資料,0.033497629814484696
主体,性,0.02911370874339637
主体,利用,0.028549666900081084
主体,地域,0.0209031910680497
主体,活動,0.015559781577579793
主体,研究,0.013002143988196423
実現,社会,0.03863182176206628
実現,党,0.021246889636231024
実現,研究,0.020366930119196092
実現,都市,0.018891226240167935
実現,月,0.018437761765917833
実現,平成,0.016089454772104918
実現,配送,0.015813227839460854
実現,企業,0.015307077703736387
実現,技術,0.015204363128882018
実現,アマゾン,0.014624846030966736
実現,会議,0.014599528398836947
実現,医療,0.014540346189397665
実現,推進,0.01439676800367006
実現,事業,0.014347543385681465
実現,夢,0.014131899096058331
実現,改革,0.013917589160897009
実現,開発,0.013695017645417381
実現,PDF,0.013506655808562031
実現,経済,0.013496158787827183
実現,科学,0.013274748116478387
大学,ƒ,0.13700904577783546
大学,?,0.10061482513612198
大学,‚,0.08312327180659873
大学,€,0.043163765639689204
大学,??,0.041544871874974215
大学,Œ,0.04014765835159535
大学,絖,0.03926234767537665
大学,大学,0.038136773097219634
大学,鐚,0.03401081352286269
大学,š,0.03396122813457239
大学,介護,0.03128836120350767
大学,授業,0.030227364802324186
大学,Ÿ,0.02913648919216035
大学,—,0.026635884766362205
大学,筝,0.02648127357625919
大学,',0.026190494207607686
大学,評価,0.025591386415576314
大学,???,0.025116272697272606
大学,ぇ,0.02468163112842254
大学,•,0.02342095230092689
情報,花粉,0.06262429441470804
情報,賃貸,0.03777177435166696
情報,住宅,0.034041080317939454
情報,不動産,0.026999419647512766
情報,物件,0.026380753568372977
情報,検索,0.025854603658024493
情報,マンション,0.024776119749748825
情報,SUUMO,0.023997176606761643
情報,中古,0.023514692674819218
情報,スーモ,0.023414778116220846
情報,気象,0.020869449970859214
情報,求人,0.02023813597477418
情報,サイト,0.020118205328892972
情報,購入,0.019713689369054755
情報,予測,0.017377779039903722
情報,土地,0.016890813800993016
情報,エリア,0.016149560419145337
情報,人気,0.01565555687295718
情報,地震,0.01511643191676984
情報,条件,0.015041008409537334
稲,紅,0.05927066753488853
稲,是,0.036165043881255854
稲,红,0.030849965734574214
稲,彩,0.02160142833003681
稲,了,0.01855264008485556
稲,我,0.017473766498577993
稲,有,0.016399394761350862
稲,刷,0.015366221433401413
稲,部首,0.015022592036700668
稲,NARS,0.014556611619437975
稲,膚,0.013728027286477871
稲,容,0.0130370894178909
稲,妝,0.012892334349697174
稲,修,0.012179213909464663
稲,月,0.011904232428850591
稲,亮,0.011598768011660487
稲,讓,0.010895336627386235
稲,商品,0.010792722388335714
稲,女,0.010233695720960022
稲,花,0.01022762930293803
活動,市民,0.08698656403582061
活動,センター,0.04526068147760278
活動,支援,0.036348931029267034
活動,地域,0.03507672210651286
活動,団体,0.034713311373898534
活動,推進,0.030283872175165552
活動,月,0.029415797786530872
活動,事業,0.02519644309161633
活動,社会,0.025155815259210346
活動,平成,0.023699170532061692
活動,ボランティア,0.02196786431785147
活動,法人,0.021292819225826525
活動,調査,0.01927508697461912
活動,働,0.018899691245823583
活動,公益,0.017647088971039546
活動,相談,0.01707047524120342
活動,貢献,0.01662203934997341
活動,助成,0.016382998519012804
活動,NPO,0.016037794780307556
活動,～,0.01585868740086525
案内,利用,0.03103404723696064
案内,情報,0.02709813059030345
案内,バス,0.02683590390303885
案内,宝くじ,0.02589975237674152
案内,時刻,0.023700504428090203
案内,施設,0.02343330386028592
案内,運賃,0.021375694262628017
案内,サービス,0.020661050202910956
案内,ページ,0.019181807009232513
案内,予約,0.0181247799373713
案内,当せん,0.01793801825713938
案内,番号,0.01762047802387258
案内,電話,0.017189116305186325
案内,シネマ,0.0170589163485179
案内,イオン,0.01682562966360874
案内,検索,0.01599664186021416
案内,空港,0.015545970734102063
案内,路線,0.014870869933556675
案内,アクセス,0.01404035257501248
案内,定期,0.013693950136600817
月,イベント,0.07513034056844733
月,アリーナ,0.05215479681852267
月,ウォーカープラス,0.04526542840513274
月,試合,0.04393838485976339
月,土,0.04272090685271141
月,リーグ,0.04082256419662502
月,全国,0.040363653957203906
月,コンサート,0.040136912227032084
月,-.,0.03986214200848503
月,独り言,0.03953324660382423
月,スポット,0.035908021862467325
月,水,0.03585244548004895
月,税込,0.03553417003819031
月,おすすめ,0.03536773822756028
月,満載,0.035052729971143295
月,PS,0.035045144347826775
月,PlayStation,0.035045144347826775
月,セガ,0.035045144347826775
月,セガフェス,0.035045144347826775
月,ベルサール,0.035045144347826775
校友,会,0.055522763513282336
校友,学会,0.04927488312811626
校友,支部,0.04088562084334039
校友,卒業生,0.03484449475036924
校友,会員,0.029963399593678903
校友,同窓会,0.027183310851602874
校友,開催,0.026911951750331415
校友,早稲田大学,0.026391695460327644
校友,総会,0.025117085443723257
校友,活動,0.025047385754890926
校友,皆様,0.02473087774039594
校友,同志社,0.023180107358066283
校友,学校,0.022404865710803062
校友,月,0.021917395981457335
校友,卒業,0.01944481807355337
校友,組織,0.018546228594387395
校友,母校,0.018346433597643062
校友,学生,0.01814437923071873
校友,会費,0.01758357222985166
校友,ホームページ,0.016990649388875307
国際,ニュース,0.025714738678372654
国際,交流,0.023749209789707695
国際,空港,0.023720774126826324
国際,関西,0.019043440165530032
国際,バス,0.018720072089615267
国際,月,0.018480314657645134
国際,成田空港,0.018308378603936335
国際,研究,0.017825959737975003
国際,世界,0.017618940481125316
国際,利用,0.01723925698743215
国際,会議,0.01675600290745444
国際,案内,0.016590662787488927
国際,ターミナル,0.016332092801108877
国際,サイト,0.014799410049491169
国際,情報,0.013593819287569715
国際,フライト,0.013288051392628291
国際,駐車,0.012253298090903968
国際,センター,0.012153957751992397
国際,航空,0.012034212533707228
国際,中国,0.011868213219250186
平成,月,0.044488345119628556
平成,PDF,0.030720424424946755
平成,調査,0.024781643205571764
平成,注意,0.023080083306346654
平成,KB,0.01899283567472666
平成,事業,0.017099661671744693
平成,改定,0.016893105779846655
平成,報酬,0.015901542017354837
平成,試験,0.015677210151470295
平成,医療,0.01489901922968932
平成,帝京大学,0.014718911299846852
平成,土地,0.014364660607587796
平成,予算,0.014059082373337825
平成,保険,0.013429489983170567
平成,概要,0.01287358264774842
平成,）.,0.012777263708186805
平成,紹介,0.01242715100427552
平成,評価,0.012207180414039075
平成,本文,0.011761477681646206
平成,研究,0.011659388469772755
早稲田,大学,0.06268053881743803
早稲田,模試,0.04257494575982974
早稲田,アカデミー,0.04152125492470247
早稲田,校舎,0.04067488231345292
早稲田,設置,0.04018930132234394
早稲田,コース,0.037763413206965094
早稲田,研究,0.03538360450514284
早稲田,イベント,0.03468592569642448
早稲田,お知らせ,0.03439859017892627
早稲田,情報,0.0343789701662538
早稲田,概要,0.03375517840862357
早稲田,一覧,0.031540265809485685
早稲田,ページ,0.03029257474147142
早稲田,オフィシャルサイト,0.026795595902003682
早稲田,学生,0.025642873818092753
早稲田,発信,0.024739007351004066
早稲田,総合,0.021464020529801613
早稲田,教育,0.020513995943190567
早稲田,図書館,0.019283511911678868
早稲田,案内,0.01850977653674222
追求,国立,0.15748598949849812
追求,国会図書館,0.13339845883111184
追求,オンライン,0.08586061914133156
追求,サービス,0.07201791138805753
追求,検索,0.07097041154635932
追求,所蔵,0.04446615294370393
追求,国会,0.04398626336170192
追求,略称,0.04383001341357228
追求,申,0.04322247428026754
追求,申込,0.04208365613542352
追求,デジタル,0.04202242007765289
追求,図書館,0.04154832001848438
追求,コンテンツ,0.041208166327690914
追求,資料,0.03851792082774813
追求,各種,0.03831543684247555
追求,利用,0.0304593263306109
追求,品質,0.02308650219526439
追求,お客様,0.02019185365051806
追求,商品,0.013796269532524457
追求,製品,0.013769976196215051
研究,技術,0.02919527098939601
研究,科学,0.0287381163563198
研究,環境,0.024854208071728154
研究,月,0.023916443059064485
研究,開発,0.02286971543641064
研究,助成,0.02236818733806683
研究,センター,0.019473948027951077
研究,調査,0.018364300593478867
研究,情報,0.01690749877163299
研究,活動,0.015548776969795048
研究,国際,0.014920309227436944
研究,成果,0.014162463654475625
研究,総合,0.014000458218752692
研究,大学,0.013561840205964432
研究,開催,0.013235139836389421
研究,共同,0.012883148902655815
研究,法人,0.012306670907345338
研究,分野,0.011963421409263986
研究,産業,0.011949744149834402
研究,報告,0.011716979227468267
教授,外科,0.08217081727649589
教授,研究,0.07407605630679488
教授,授与,0.07357825652993506
教授,専攻,0.06957265576057634
教授,科目,0.0655214227739509
教授,大学院,0.06063349349248237
教授,担当,0.05638305343804145
教授,エリー,0.05521249852218017
教授,熊本大学,0.05464662515026386
教授,アリ,0.051754494250524585
教授,ダン,0.051754494250524585
教授,昭和,0.045734040569200704
教授,分野,0.04167151944936794
教授,平成,0.04133673306001512
教授,Amazon,0.03993149955465093
教授,科学,0.038799089113938603
教授,社会,0.037813245590521495
教授,皮膚,0.036578273018514976
教授,工業,0.03516205055553174
教授,現職,0.03372812011212661
医学部,医療,0.11267926844156913
医学部,医学,0.09939769378885988
医学部,予備校,0.0891602984623209
医学部,病院,0.08716392998264574
医学部,山口大学,0.08567975113127412
医学部,合格,0.07926348175033304
医学部,研究,0.07648921461082055
医学部,附属,0.07314206858185834
医学部,看護,0.06443623858204625
医学部,先進,0.05451059201563511
医学部,対策,0.05351292995196101
医学部,受験生,0.0530307851318522
医学部,保健,0.05291851539610202
医学部,講座,0.04790639739159719
医学部,学科,0.04452714986118424
医学部,ホームページ,0.04390567170844419
医学部,案内,0.04289529446317636
医学部,大阪大学,0.04239862587881071
医学部,ぞう,0.04178811856688668
医学部,受診,0.04169808790979361
行事,予定,0.15824980310671294
行事,年間,0.08129050119105541
行事,学校,0.06955073497716593
行事,月,0.06386376817139908
行事,）.,0.05242046630867077
行事,日,0.051422263132573295
行事,木,0.04476933474802506
行事,ファイル,0.03661506633129705
行事,郁,0.03605386181901947
行事,Web,0.03538451647284505
行事,PDF,0.033444259895458316
行事,林間,0.03275296579858115
行事,大曲,0.032382701904231564
行事,サイト,0.03159784632380186
行事,月行事,0.031239962003586995
行事,平成,0.030869483305456535
行事,本願寺,0.030832789188297155
行事,法要,0.02896638103380179
行事,中学校,0.028946050355266244
行事,住吉,0.02815791028019208
医療,診療,0.03498843924702534
医療,保険,0.030928684497575736
医療,病院,0.028207902206524603
医療,月,0.025977838285474567
医療,地域,0.02437499180738055
医療,入院,0.021098884825472407
医療,研究,0.020292102944539384
医療,機関,0.02014172462903004
医療,福祉,0.01975356682049745
医療,助成,0.019735893959067337
医療,センター,0.0192962577059703
医療,機器,0.018054030369218006
医療,平成,0.017364686005661597
医療,治療,0.016884325647298613
医療,法人,0.016161550635585373
医療,病気,0.01588669437618895
医療,介護,0.015790905492728633
医療,患者,0.015543706111600872
医療,情報,0.015364855179913218
医療,医師,0.01534267388957146
キャンパス,大学,0.04033032086156267
キャンパス,オープン,0.03744246980626946
キャンパス,学生,0.03565107187089274
キャンパス,学科,0.03421681015773716
キャンパス,情報,0.029226146287348664
キャンパス,学部,0.0259806627909825
キャンパス,入試,0.025247551455101946
キャンパス,研究,0.022561420943222436
キャンパス,体験,0.022560393748542018
キャンパス,アクセス,0.02172122588892598
キャンパス,塾,0.020425936953516508
キャンパス,月,0.02017887592022933
キャンパス,紹介,0.018860026167514962
キャンパス,説明,0.018740832828410887
キャンパス,教育,0.01649687697174158
キャンパス,施設,0.01646667868577935
キャンパス,日,0.016363580689906707
キャンパス,案内,0.01587357873737365
キャンパス,授業,0.015834472197453507
キャンパス,京都,0.015394494872991774
